,cluster,best_mutant,best_fitness,idx,unique_mutations,unique_residues
0,15,"S26R,I121V,I126V,K164R,Q175L,N196Y,S200N,S203T,A225G,G226W",0.8251641392707825,4382,21,19
1,2,"S26R,F97S,N103S,I121V,K164R,Q175L,N196Y,G226R,I227F,Y235H",0.806213915348053,2152,21,19
2,11,"S26R,S70G,D100G,K105E,I126V,Q175L,N196Y,S203T,G226R,Y235H",0.8265490531921387,1436,21,19
3,7,"S26R,K39R,S70G,I126V,Q175L,S200N,S203T,A225G,G226W,I227F",0.7376101613044739,778,21,19
4,12,"S26R,K105E,I126T,E140V,K164R,Q175L,N196Y,S203T,G226W,Y235H",0.7866293787956238,2337,21,19
