,cluster,best_mutant,best_fitness,idx,unique_mutations,unique_residues
0,6,"S26R,K164R,Q175L,N196Y,G226W",0.6426229476928711,26,12,11
1,3,"S26R,I126V,K164R,Q175L,D195Y",0.5096006393432617,6719,12,11
2,1,"K164R,Q175L,N196Y,A204T,G226R",0.5994526147842407,360,12,11
3,16,"S26R,S70G,Q175L,G226W,Y235H",0.6110453605651855,47,12,11
4,5,"K164R,Q175L,N196Y,G226R,I227F",0.6400019526481628,0,12,11
