,Unnamed: 0,variant,num_mutations,score
41983,41983,"E109G,V110A,K111E,H179Y,Q181R",5,-2.1571879
41972,41972,"T106A,V191E,K212E,L218Q,I227F",5,-2.4184041
37101,37101,"L13Q,L42P,F82S,K129R,D214V",5,-2.4181821
40416,40416,"L58H,Y104F,I134V,L139Q,Y149N",5,-0.0253094
35934,35934,"E3G,T60P,N103S,H179Y,S203T",5,0.0106702
