,cluster,best_mutant,best_fitness,idx,unique_mutations,unique_residues
0,2,"N103I,I150W,V161I,G230K,K236R",0.5318330526351929,388,24,20
1,9,"L42V,N162R,L176W,D195C,L219F",0.5204825401306152,2922,24,20
2,5,"D34W,F97Y,L176R,N183V,G230R",0.6523633003234863,2561,24,20
3,3,"I12L,S26T,Q175V,A225R,G226K",0.4260965287685394,9478,24,20
4,11,"P11R,N103I,V161M,G230W,L234M",0.6162710785865784,6807,24,20
