,cluster,best_mutant,best_fitness,idx,unique_mutations,unique_residues
0,6,"F97W,V161M,S173E,Q175Y,Q182R,S200M,A204C,L219I,V222L,G230R",0.6943507790565491,6539,48,35
1,14,"V9I,S28R,F97Y,N103I,L176R,N183V,H197F,L219W,A225W,G230Q",0.8262397050857544,6545,48,35
2,0,"V9R,V91M,E93W,K105R,N162R,T184V,L193M,S203Q,G230M,L234W",0.742501437664032,5244,48,35
3,16,"D34W,I126E,L139M,E140R,Q175V,L193F,A204W,T228S,G230N,E233Q",0.7281203269958496,4826,48,35
4,8,"P11H,E15N,S26E,S28I,I96W,S173K,Q175M,H197F,A225R,G230R",0.8810498118400574,208,48,35
